epoch,train_loss,macro_all,macro_clean
0,0.10387478056517276,0.7860254962813631,0.8149958044582977
1,0.08139741222882446,0.8456165552623021,0.864079069026106
2,0.07450080170354127,0.8680213696175628,0.8826899082464861
3,0.06968215592341982,0.8844423295675803,0.8976699666007429
4,0.06670052200664968,0.9001316752635651,0.9092473480911125
5,0.06391100766949165,0.9110666597577962,0.9172907732884624
6,0.06202751741959499,0.9144134146061563,0.9223554874445532
7,0.0603772626828143,0.9163848297274892,0.9247637646161143
8,0.05896300508644118,0.9157672720293549,0.9264475270746837
9,0.057754847374591196,0.9216645660515208,0.9322211168070949
10,0.056624359802612455,0.922974060829504,0.9317867416111045
11,0.05591963870184762,0.925240684326295,0.93264686686031
12,0.05499970025959469,0.9279467461511083,0.9359121763624987
13,0.05428577678435015,0.9264657988309556,0.9346680256267759
14,0.05364140918676233,0.9266874085896619,0.9359276199707645
15,0.05289096291084866,0.9282393011978721,0.9363598623500858
16,0.05241797520564152,0.9292980776480956,0.9387101459598565
17,0.05192571276655564,0.9297611437110802,0.939854134066355
18,0.050873593369246406,0.9298059811175556,0.9401365342847625
19,0.0506478087642254,0.9317432348939458,0.9408794528904243
20,0.0499601013030543,0.9322596080948706,0.9415848423165237
21,0.0493712455252588,0.9288159999860421,0.9392468181940448
22,0.04902837601500553,0.9325830092860553,0.9413793767458731
23,0.04843819916466654,0.9327662906017872,0.9425513542549874
24,0.04829537723854785,0.93235030471135,0.9428394082753537
25,0.04751923988699476,0.9348204395560815,0.9433745682995143
26,0.04707695623593671,0.9328044269722958,0.9419866986294133
27,0.0468639653080549,0.9317712021792364,0.9429386699315279
28,0.04642780689392989,0.9318096027773642,0.9427512660422703
29,0.045546529575800285,0.9311896134506791,0.9427488409898256
30,0.045345528119485896,0.9335158354084656,0.9434785451180285
31,0.04493507452227257,0.9334393094754538,0.9439738388300418
32,0.04454863551772121,0.9347336751856027,0.9439930103335857
33,0.044234165512434725,0.9348516125809397,0.9443339658490373
34,0.04353886339199412,0.9331841059733489,0.9438184294621241
35,0.043173773698645196,0.9312784918562335,0.9432702187061419
36,0.04291223438504415,0.9307991528874899,0.9434521046234405
37,0.04271664882535899,0.9336367852492798,0.9434666052074984
38,0.04230444043902032,0.9326449686594226,0.9433065805558974
39,0.04205576827811016,0.9322578616664303,0.9420395580289634
40,0.04158053427061319,0.9346810782754948,0.9428693469967786
41,0.0412425542175224,0.9332668291882159,0.943321508226227
42,0.04080558701285294,0.9337988397702196,0.9425449253454992
43,0.040342363341278206,0.9296348274827422,0.9421675833988136
44,0.04024883685804112,0.9295618078875627,0.9417226494124121
45,0.03970936520686953,0.9305569669800515,0.9407774755812766
46,0.03954068858572197,0.9304730247975302,0.9419868018246675
47,0.03938819156898247,0.9294213998706728,0.9404201750295947
48,0.038983301106062566,0.9280503891353327,0.9407482439953007
49,0.03864704544618453,0.9297549004763898,0.9403142718448764
50,0.038230359308667236,0.9312754675477036,0.9403123796730442
51,0.03802576679190546,0.9298695960387026,0.9403702705530008
52,0.037455032828635784,0.9321902629812995,0.9404484336031272
53,0.03759038564322632,0.928739595230654,0.9397680071314458
54,0.036941375133100446,0.928900940651729,0.9399185321505782
55,0.03690480737650132,0.9292657037684309,0.9379638788713213
56,0.036671763204120016,0.9259166985633314,0.9387087166713541
57,0.03661347302734415,0.9310652194501142,0.9390351015696188
58,0.036233963506234874,0.9315380819296398,0.9394867575920971
59,0.03606514939049006,0.9288371726534709,0.937355082069523
60,0.03568172129382799,0.9291676860033209,0.9382917583384184
61,0.03542463070006816,0.9292594724676847,0.9397803407654937
62,0.03534406019654466,0.9247721813885365,0.9380760160217316
63,0.03538412870941581,0.925652420535848,0.9375014775992051
64,0.03485163734482103,0.9278133212560975,0.9389029381035204
65,0.034504396991033255,0.927157694772549,0.9372787385121136
66,0.03433821396731632,0.9256769298408866,0.9368784750464254
67,0.03408561179571318,0.9262763779937162,0.9374680777508222
68,0.03372012849064755,0.9232133194122982,0.9373611552418489
69,0.03358196195610714,0.925501691620353,0.9385302332596869
70,0.03360916354826519,0.9277552606184781,0.9374388480169301
71,0.033335228979369226,0.9280261713843226,0.9379175735465067
72,0.03310798718542843,0.9244713440886869,0.9367111788759318
73,0.03277846506963938,0.9260113988898276,0.937440049110384
74,0.032652152552109064,0.9226818358180275,0.9376297952427889
75,0.032351629583390204,0.9249413691563485,0.9374396420740391
76,0.032379055846032206,0.9227460293253933,0.936059453618615
77,0.03239288255435861,0.9230664554360435,0.9358080303560968
78,0.03162666585555662,0.9207133052013681,0.9352780642146891
79,0.03174497019294854,0.9228943657041148,0.9355023121283925
80,0.03172861823586972,0.9244649745287195,0.9360495122280922
81,0.031310793599147936,0.9199477449850121,0.9361628716525687
82,0.030993391299149492,0.9248002103618184,0.9356733692846422
83,0.030967551348355663,0.9223231604780537,0.935130764296539
84,0.03103567336450566,0.9264174371007939,0.9356213268061814
85,0.030893483673369054,0.9249670305425638,0.9355395002030852
86,0.030610809859993694,0.9192454513358715,0.9335289215445314
87,0.030224438026656596,0.9212088530210549,0.9340751294274535
88,0.030219042189282813,0.9217450089956891,0.9343898540099919
89,0.030036909430673272,0.9188579453978181,0.9331690894448665
90,0.029879704370221374,0.9217068223591159,0.9337467037859337
91,0.029801221332434333,0.9224190828605512,0.9348576501717663
92,0.02961088136357047,0.9253313041317607,0.9351480655363641
93,0.02929383754430018,0.9220799647680865,0.9338089237993581
94,0.02918446044209021,0.9182405962599031,0.9335250436926065
95,0.029342554072975674,0.9246815766190198,0.9345305040467194
96,0.029072741005610633,0.9231772351088643,0.9330525439310676
97,0.02907813749115764,0.9228266814559255,0.93344456742142
98,0.02901458429793517,0.9234547949397504,0.9328093660387069
99,0.02869657713633317,0.9246186569422774,0.9341843683215927
